cluster,total_employees,attrition_rate,attrition_percentage
0,720,0.20833333333333334,20.833333333333336
1,335,0.0955223880597015,9.55223880597015
2,197,0.18781725888324874,18.781725888324875
3,218,0.08256880733944955,8.256880733944955
