metric,value
opt_threshold,0.7318181818181818
recall,0.40425531914893614
net_profit,62000.000000000015
